query,query_group,mode,rank,image_id,file_path,visual_relevance,visual_notes,visible_main_object,style_or_context_match,failure_reason
person,object_like,qdrant_semantic,1,nM5uErhbiGw,data\unsplash-lite\images\nM5uErhbiGw.jpg,,,,,
person,object_like,qdrant_semantic,2,kutWwEGYFo4,data\unsplash-lite\images\kutWwEGYFo4.jpg,,,,,
person,object_like,qdrant_semantic,3,cQPUosG9dQE,data\unsplash-lite\images\cQPUosG9dQE.jpg,,,,,
person,object_like,qdrant_semantic,4,H5llhoZSm9Y,data\unsplash-lite\images\H5llhoZSm9Y.jpg,,,,,
person,object_like,qdrant_semantic,5,uMiU1Tmbd1Q,data\unsplash-lite\images\uMiU1Tmbd1Q.jpg,,,,,
person,object_like,qdrant_semantic,6,o47Lif2bfqI,data\unsplash-lite\images\o47Lif2bfqI.jpg,,,,,
person,object_like,qdrant_semantic,7,Wu98kR6nEAs,data\unsplash-lite\images\Wu98kR6nEAs.jpg,,,,,
person,object_like,qdrant_semantic,8,qnjqLoIULZE,data\unsplash-lite\images\qnjqLoIULZE.jpg,,,,,
person,object_like,qdrant_semantic,9,VylXOtFALIc,data\unsplash-lite\images\VylXOtFALIc.jpg,,,,,
person,object_like,qdrant_semantic,10,J95m2xJR9YQ,data\unsplash-lite\images\J95m2xJR9YQ.jpg,,,,,
person,object_like,qdrant_keyword,1,nM5uErhbiGw,data\unsplash-lite\images\nM5uErhbiGw.jpg,,,,,
person,object_like,qdrant_keyword,2,cQPUosG9dQE,data\unsplash-lite\images\cQPUosG9dQE.jpg,,,,,
person,object_like,qdrant_keyword,3,H5llhoZSm9Y,data\unsplash-lite\images\H5llhoZSm9Y.jpg,,,,,
person,object_like,qdrant_keyword,4,uMiU1Tmbd1Q,data\unsplash-lite\images\uMiU1Tmbd1Q.jpg,,,,,
person,object_like,qdrant_keyword,5,VylXOtFALIc,data\unsplash-lite\images\VylXOtFALIc.jpg,,,,,
person,object_like,qdrant_keyword,6,J95m2xJR9YQ,data\unsplash-lite\images\J95m2xJR9YQ.jpg,,,,,
person,object_like,qdrant_keyword,7,PWPjBNarV0k,data\unsplash-lite\images\PWPjBNarV0k.jpg,,,,,
person,object_like,qdrant_keyword,8,YPA2Jg3lLKM,data\unsplash-lite\images\YPA2Jg3lLKM.jpg,,,,,
person,object_like,qdrant_keyword,9,SazpfcJNDPQ,data\unsplash-lite\images\SazpfcJNDPQ.jpg,,,,,
person,object_like,qdrant_keyword,10,od-2xks9Alc,data\unsplash-lite\images\od-2xks9Alc.jpg,,,,,
person,object_like,qdrant_object,1,nM5uErhbiGw,data\unsplash-lite\images\nM5uErhbiGw.jpg,,,,,
person,object_like,qdrant_object,2,cQPUosG9dQE,data\unsplash-lite\images\cQPUosG9dQE.jpg,,,,,
person,object_like,qdrant_object,3,H5llhoZSm9Y,data\unsplash-lite\images\H5llhoZSm9Y.jpg,,,,,
person,object_like,qdrant_object,4,VylXOtFALIc,data\unsplash-lite\images\VylXOtFALIc.jpg,,,,,
person,object_like,qdrant_object,5,J95m2xJR9YQ,data\unsplash-lite\images\J95m2xJR9YQ.jpg,,,,,
person,object_like,qdrant_object,6,PWPjBNarV0k,data\unsplash-lite\images\PWPjBNarV0k.jpg,,,,,
person,object_like,qdrant_object,7,YPA2Jg3lLKM,data\unsplash-lite\images\YPA2Jg3lLKM.jpg,,,,,
person,object_like,qdrant_object,8,SazpfcJNDPQ,data\unsplash-lite\images\SazpfcJNDPQ.jpg,,,,,
person,object_like,qdrant_object,9,pirWeToS2mA,data\unsplash-lite\images\pirWeToS2mA.jpg,,,,,
person,object_like,qdrant_object,10,LpYtdy59oxM,data\unsplash-lite\images\LpYtdy59oxM.jpg,,,,,
person,object_like,qdrant_keyword_object,1,nM5uErhbiGw,data\unsplash-lite\images\nM5uErhbiGw.jpg,,,,,
person,object_like,qdrant_keyword_object,2,cQPUosG9dQE,data\unsplash-lite\images\cQPUosG9dQE.jpg,,,,,
person,object_like,qdrant_keyword_object,3,H5llhoZSm9Y,data\unsplash-lite\images\H5llhoZSm9Y.jpg,,,,,
person,object_like,qdrant_keyword_object,4,VylXOtFALIc,data\unsplash-lite\images\VylXOtFALIc.jpg,,,,,
person,object_like,qdrant_keyword_object,5,J95m2xJR9YQ,data\unsplash-lite\images\J95m2xJR9YQ.jpg,,,,,
person,object_like,qdrant_keyword_object,6,PWPjBNarV0k,data\unsplash-lite\images\PWPjBNarV0k.jpg,,,,,
person,object_like,qdrant_keyword_object,7,YPA2Jg3lLKM,data\unsplash-lite\images\YPA2Jg3lLKM.jpg,,,,,
person,object_like,qdrant_keyword_object,8,SazpfcJNDPQ,data\unsplash-lite\images\SazpfcJNDPQ.jpg,,,,,
person,object_like,qdrant_keyword_object,9,LpYtdy59oxM,data\unsplash-lite\images\LpYtdy59oxM.jpg,,,,,
person,object_like,qdrant_keyword_object,10,N56pNPcli_0,data\unsplash-lite\images\N56pNPcli_0.jpg,,,,,
person,object_like,qdrant_object_rerank,1,nM5uErhbiGw,data\unsplash-lite\images\nM5uErhbiGw.jpg,,,,,
person,object_like,qdrant_object_rerank,2,cQPUosG9dQE,data\unsplash-lite\images\cQPUosG9dQE.jpg,,,,,
person,object_like,qdrant_object_rerank,3,H5llhoZSm9Y,data\unsplash-lite\images\H5llhoZSm9Y.jpg,,,,,
person,object_like,qdrant_object_rerank,4,VylXOtFALIc,data\unsplash-lite\images\VylXOtFALIc.jpg,,,,,
person,object_like,qdrant_object_rerank,5,J95m2xJR9YQ,data\unsplash-lite\images\J95m2xJR9YQ.jpg,,,,,
person,object_like,qdrant_object_rerank,6,PWPjBNarV0k,data\unsplash-lite\images\PWPjBNarV0k.jpg,,,,,
person,object_like,qdrant_object_rerank,7,YPA2Jg3lLKM,data\unsplash-lite\images\YPA2Jg3lLKM.jpg,,,,,
person,object_like,qdrant_object_rerank,8,SazpfcJNDPQ,data\unsplash-lite\images\SazpfcJNDPQ.jpg,,,,,
person,object_like,qdrant_object_rerank,9,LpYtdy59oxM,data\unsplash-lite\images\LpYtdy59oxM.jpg,,,,,
person,object_like,qdrant_object_rerank,10,N56pNPcli_0,data\unsplash-lite\images\N56pNPcli_0.jpg,,,,,
car,object_like,qdrant_semantic,1,84JNi-0BkAQ,data\unsplash-lite\images\84JNi-0BkAQ.jpg,,,,,
car,object_like,qdrant_semantic,2,PkXHRgGSw4o,data\unsplash-lite\images\PkXHRgGSw4o.jpg,,,,,
car,object_like,qdrant_semantic,3,BXlSfmhVEzE,data\unsplash-lite\images\BXlSfmhVEzE.jpg,,,,,
car,object_like,qdrant_semantic,4,pl1Pp-mDzfw,data\unsplash-lite\images\pl1Pp-mDzfw.jpg,,,,,
car,object_like,qdrant_semantic,5,xeRDNkA04Y4,data\unsplash-lite\images\xeRDNkA04Y4.jpg,,,,,
car,object_like,qdrant_semantic,6,82JvJrB9deY,data\unsplash-lite\images\82JvJrB9deY.jpg,,,,,
car,object_like,qdrant_semantic,7,qLnrOTpo5bA,data\unsplash-lite\images\qLnrOTpo5bA.jpg,,,,,
car,object_like,qdrant_semantic,8,fsBOigltAQc,data\unsplash-lite\images\fsBOigltAQc.jpg,,,,,
car,object_like,qdrant_semantic,9,YBEyahCAcHU,data\unsplash-lite\images\YBEyahCAcHU.jpg,,,,,
car,object_like,qdrant_semantic,10,hPbMO39Qcec,data\unsplash-lite\images\hPbMO39Qcec.jpg,,,,,
car,object_like,qdrant_keyword,1,84JNi-0BkAQ,data\unsplash-lite\images\84JNi-0BkAQ.jpg,,,,,
car,object_like,qdrant_keyword,2,PkXHRgGSw4o,data\unsplash-lite\images\PkXHRgGSw4o.jpg,,,,,
car,object_like,qdrant_keyword,3,pl1Pp-mDzfw,data\unsplash-lite\images\pl1Pp-mDzfw.jpg,,,,,
car,object_like,qdrant_keyword,4,82JvJrB9deY,data\unsplash-lite\images\82JvJrB9deY.jpg,,,,,
car,object_like,qdrant_keyword,5,qLnrOTpo5bA,data\unsplash-lite\images\qLnrOTpo5bA.jpg,,,,,
car,object_like,qdrant_keyword,6,fsBOigltAQc,data\unsplash-lite\images\fsBOigltAQc.jpg,,,,,
car,object_like,qdrant_keyword,7,YBEyahCAcHU,data\unsplash-lite\images\YBEyahCAcHU.jpg,,,,,
car,object_like,qdrant_keyword,8,hPbMO39Qcec,data\unsplash-lite\images\hPbMO39Qcec.jpg,,,,,
car,object_like,qdrant_keyword,9,OSbw1oA6Mjo,data\unsplash-lite\images\OSbw1oA6Mjo.jpg,,,,,
car,object_like,qdrant_keyword,10,AA0wrFduukA,data\unsplash-lite\images\AA0wrFduukA.jpg,,,,,
car,object_like,qdrant_object,1,84JNi-0BkAQ,data\unsplash-lite\images\84JNi-0BkAQ.jpg,,,,,
car,object_like,qdrant_object,2,pl1Pp-mDzfw,data\unsplash-lite\images\pl1Pp-mDzfw.jpg,,,,,
car,object_like,qdrant_object,3,fsBOigltAQc,data\unsplash-lite\images\fsBOigltAQc.jpg,,,,,
car,object_like,qdrant_object,4,OSbw1oA6Mjo,data\unsplash-lite\images\OSbw1oA6Mjo.jpg,,,,,
car,object_like,qdrant_object,5,AA0wrFduukA,data\unsplash-lite\images\AA0wrFduukA.jpg,,,,,
car,object_like,qdrant_object,6,bT8AbTBh2Eo,data\unsplash-lite\images\bT8AbTBh2Eo.jpg,,,,,
car,object_like,qdrant_object,7,tBTOdkeTn8s,data\unsplash-lite\images\tBTOdkeTn8s.jpg,,,,,
car,object_like,qdrant_object,8,YKQawNUINXA,data\unsplash-lite\images\YKQawNUINXA.jpg,,,,,
car,object_like,qdrant_object,9,I1sF8NVAtf8,data\unsplash-lite\images\I1sF8NVAtf8.jpg,,,,,
car,object_like,qdrant_object,10,7XOij6KNUXI,data\unsplash-lite\images\7XOij6KNUXI.jpg,,,,,
car,object_like,qdrant_keyword_object,1,84JNi-0BkAQ,data\unsplash-lite\images\84JNi-0BkAQ.jpg,,,,,
car,object_like,qdrant_keyword_object,2,pl1Pp-mDzfw,data\unsplash-lite\images\pl1Pp-mDzfw.jpg,,,,,
car,object_like,qdrant_keyword_object,3,fsBOigltAQc,data\unsplash-lite\images\fsBOigltAQc.jpg,,,,,
car,object_like,qdrant_keyword_object,4,OSbw1oA6Mjo,data\unsplash-lite\images\OSbw1oA6Mjo.jpg,,,,,
car,object_like,qdrant_keyword_object,5,AA0wrFduukA,data\unsplash-lite\images\AA0wrFduukA.jpg,,,,,
car,object_like,qdrant_keyword_object,6,bT8AbTBh2Eo,data\unsplash-lite\images\bT8AbTBh2Eo.jpg,,,,,
car,object_like,qdrant_keyword_object,7,tBTOdkeTn8s,data\unsplash-lite\images\tBTOdkeTn8s.jpg,,,,,
car,object_like,qdrant_keyword_object,8,YKQawNUINXA,data\unsplash-lite\images\YKQawNUINXA.jpg,,,,,
car,object_like,qdrant_keyword_object,9,I1sF8NVAtf8,data\unsplash-lite\images\I1sF8NVAtf8.jpg,,,,,
car,object_like,qdrant_keyword_object,10,7XOij6KNUXI,data\unsplash-lite\images\7XOij6KNUXI.jpg,,,,,
car,object_like,qdrant_object_rerank,1,84JNi-0BkAQ,data\unsplash-lite\images\84JNi-0BkAQ.jpg,,,,,
car,object_like,qdrant_object_rerank,2,pl1Pp-mDzfw,data\unsplash-lite\images\pl1Pp-mDzfw.jpg,,,,,
car,object_like,qdrant_object_rerank,3,fsBOigltAQc,data\unsplash-lite\images\fsBOigltAQc.jpg,,,,,
car,object_like,qdrant_object_rerank,4,OSbw1oA6Mjo,data\unsplash-lite\images\OSbw1oA6Mjo.jpg,,,,,
car,object_like,qdrant_object_rerank,5,AA0wrFduukA,data\unsplash-lite\images\AA0wrFduukA.jpg,,,,,
car,object_like,qdrant_object_rerank,6,bT8AbTBh2Eo,data\unsplash-lite\images\bT8AbTBh2Eo.jpg,,,,,
car,object_like,qdrant_object_rerank,7,tBTOdkeTn8s,data\unsplash-lite\images\tBTOdkeTn8s.jpg,,,,,
car,object_like,qdrant_object_rerank,8,YKQawNUINXA,data\unsplash-lite\images\YKQawNUINXA.jpg,,,,,
car,object_like,qdrant_object_rerank,9,I1sF8NVAtf8,data\unsplash-lite\images\I1sF8NVAtf8.jpg,,,,,
car,object_like,qdrant_object_rerank,10,7XOij6KNUXI,data\unsplash-lite\images\7XOij6KNUXI.jpg,,,,,
dog,object_like,qdrant_semantic,1,TLhu3-84jT4,data\unsplash-lite\images\TLhu3-84jT4.jpg,,,,,
dog,object_like,qdrant_semantic,2,HrmcbJY0WbE,data\unsplash-lite\images\HrmcbJY0WbE.jpg,,,,,
dog,object_like,qdrant_semantic,3,ROJLfAbL1Ig,data\unsplash-lite\images\ROJLfAbL1Ig.jpg,,,,,
dog,object_like,qdrant_semantic,4,oCJuJQqvCzc,data\unsplash-lite\images\oCJuJQqvCzc.jpg,,,,,
dog,object_like,qdrant_semantic,5,Jr_DkO3Ow14,data\unsplash-lite\images\Jr_DkO3Ow14.jpg,,,,,
dog,object_like,qdrant_semantic,6,UzO4kgBMCv4,data\unsplash-lite\images\UzO4kgBMCv4.jpg,,,,,
dog,object_like,qdrant_semantic,7,T7wpzGFawUo,data\unsplash-lite\images\T7wpzGFawUo.jpg,,,,,
dog,object_like,qdrant_semantic,8,yCKKd37OsgI,data\unsplash-lite\images\yCKKd37OsgI.jpg,,,,,
dog,object_like,qdrant_semantic,9,KZv7w34tluA,data\unsplash-lite\images\KZv7w34tluA.jpg,,,,,
dog,object_like,qdrant_semantic,10,LPNF9O-jlT4,data\unsplash-lite\images\LPNF9O-jlT4.jpg,,,,,
dog,object_like,qdrant_keyword,1,TLhu3-84jT4,data\unsplash-lite\images\TLhu3-84jT4.jpg,,,,,
dog,object_like,qdrant_keyword,2,HrmcbJY0WbE,data\unsplash-lite\images\HrmcbJY0WbE.jpg,,,,,
dog,object_like,qdrant_keyword,3,ROJLfAbL1Ig,data\unsplash-lite\images\ROJLfAbL1Ig.jpg,,,,,
dog,object_like,qdrant_keyword,4,oCJuJQqvCzc,data\unsplash-lite\images\oCJuJQqvCzc.jpg,,,,,
dog,object_like,qdrant_keyword,5,Jr_DkO3Ow14,data\unsplash-lite\images\Jr_DkO3Ow14.jpg,,,,,
dog,object_like,qdrant_keyword,6,UzO4kgBMCv4,data\unsplash-lite\images\UzO4kgBMCv4.jpg,,,,,
dog,object_like,qdrant_keyword,7,T7wpzGFawUo,data\unsplash-lite\images\T7wpzGFawUo.jpg,,,,,
dog,object_like,qdrant_keyword,8,yCKKd37OsgI,data\unsplash-lite\images\yCKKd37OsgI.jpg,,,,,
dog,object_like,qdrant_keyword,9,KZv7w34tluA,data\unsplash-lite\images\KZv7w34tluA.jpg,,,,,
dog,object_like,qdrant_keyword,10,LPNF9O-jlT4,data\unsplash-lite\images\LPNF9O-jlT4.jpg,,,,,
dog,object_like,qdrant_object,1,TLhu3-84jT4,data\unsplash-lite\images\TLhu3-84jT4.jpg,,,,,
dog,object_like,qdrant_object,2,HrmcbJY0WbE,data\unsplash-lite\images\HrmcbJY0WbE.jpg,,,,,
dog,object_like,qdrant_object,3,ROJLfAbL1Ig,data\unsplash-lite\images\ROJLfAbL1Ig.jpg,,,,,
dog,object_like,qdrant_object,4,oCJuJQqvCzc,data\unsplash-lite\images\oCJuJQqvCzc.jpg,,,,,
dog,object_like,qdrant_object,5,Jr_DkO3Ow14,data\unsplash-lite\images\Jr_DkO3Ow14.jpg,,,,,
dog,object_like,qdrant_object,6,UzO4kgBMCv4,data\unsplash-lite\images\UzO4kgBMCv4.jpg,,,,,
dog,object_like,qdrant_object,7,KZv7w34tluA,data\unsplash-lite\images\KZv7w34tluA.jpg,,,,,
dog,object_like,qdrant_object,8,LPNF9O-jlT4,data\unsplash-lite\images\LPNF9O-jlT4.jpg,,,,,
dog,object_like,qdrant_object,9,wFdg6NvA5fY,data\unsplash-lite\images\wFdg6NvA5fY.jpg,,,,,
dog,object_like,qdrant_object,10,OMpAeSP3ptw,data\unsplash-lite\images\OMpAeSP3ptw.jpg,,,,,
dog,object_like,qdrant_keyword_object,1,TLhu3-84jT4,data\unsplash-lite\images\TLhu3-84jT4.jpg,,,,,
dog,object_like,qdrant_keyword_object,2,HrmcbJY0WbE,data\unsplash-lite\images\HrmcbJY0WbE.jpg,,,,,
dog,object_like,qdrant_keyword_object,3,ROJLfAbL1Ig,data\unsplash-lite\images\ROJLfAbL1Ig.jpg,,,,,
dog,object_like,qdrant_keyword_object,4,oCJuJQqvCzc,data\unsplash-lite\images\oCJuJQqvCzc.jpg,,,,,
dog,object_like,qdrant_keyword_object,5,Jr_DkO3Ow14,data\unsplash-lite\images\Jr_DkO3Ow14.jpg,,,,,
dog,object_like,qdrant_keyword_object,6,UzO4kgBMCv4,data\unsplash-lite\images\UzO4kgBMCv4.jpg,,,,,
dog,object_like,qdrant_keyword_object,7,KZv7w34tluA,data\unsplash-lite\images\KZv7w34tluA.jpg,,,,,
dog,object_like,qdrant_keyword_object,8,LPNF9O-jlT4,data\unsplash-lite\images\LPNF9O-jlT4.jpg,,,,,
dog,object_like,qdrant_keyword_object,9,wFdg6NvA5fY,data\unsplash-lite\images\wFdg6NvA5fY.jpg,,,,,
dog,object_like,qdrant_keyword_object,10,OMpAeSP3ptw,data\unsplash-lite\images\OMpAeSP3ptw.jpg,,,,,
dog,object_like,qdrant_object_rerank,1,TLhu3-84jT4,data\unsplash-lite\images\TLhu3-84jT4.jpg,,,,,
dog,object_like,qdrant_object_rerank,2,HrmcbJY0WbE,data\unsplash-lite\images\HrmcbJY0WbE.jpg,,,,,
dog,object_like,qdrant_object_rerank,3,ROJLfAbL1Ig,data\unsplash-lite\images\ROJLfAbL1Ig.jpg,,,,,
dog,object_like,qdrant_object_rerank,4,oCJuJQqvCzc,data\unsplash-lite\images\oCJuJQqvCzc.jpg,,,,,
dog,object_like,qdrant_object_rerank,5,Jr_DkO3Ow14,data\unsplash-lite\images\Jr_DkO3Ow14.jpg,,,,,
dog,object_like,qdrant_object_rerank,6,UzO4kgBMCv4,data\unsplash-lite\images\UzO4kgBMCv4.jpg,,,,,
dog,object_like,qdrant_object_rerank,7,KZv7w34tluA,data\unsplash-lite\images\KZv7w34tluA.jpg,,,,,
dog,object_like,qdrant_object_rerank,8,LPNF9O-jlT4,data\unsplash-lite\images\LPNF9O-jlT4.jpg,,,,,
dog,object_like,qdrant_object_rerank,9,wFdg6NvA5fY,data\unsplash-lite\images\wFdg6NvA5fY.jpg,,,,,
dog,object_like,qdrant_object_rerank,10,OMpAeSP3ptw,data\unsplash-lite\images\OMpAeSP3ptw.jpg,,,,,
cat,object_like,qdrant_semantic,1,gQFZxLe3m4g,data\unsplash-lite\images\gQFZxLe3m4g.jpg,,,,,
cat,object_like,qdrant_semantic,2,G21-GaAZrrs,data\unsplash-lite\images\G21-GaAZrrs.jpg,,,,,
cat,object_like,qdrant_semantic,3,a6Q-o0lAZzU,data\unsplash-lite\images\a6Q-o0lAZzU.jpg,,,,,
cat,object_like,qdrant_semantic,4,c8yq39WBu3I,data\unsplash-lite\images\c8yq39WBu3I.jpg,,,,,
cat,object_like,qdrant_semantic,5,QFkiMoKzovY,data\unsplash-lite\images\QFkiMoKzovY.jpg,,,,,
cat,object_like,qdrant_semantic,6,z6NZYyTjEd0,data\unsplash-lite\images\z6NZYyTjEd0.jpg,,,,,
cat,object_like,qdrant_semantic,7,4fWlc-iW3ME,data\unsplash-lite\images\4fWlc-iW3ME.jpg,,,,,
cat,object_like,qdrant_semantic,8,F7hurtVH1TY,data\unsplash-lite\images\F7hurtVH1TY.jpg,,,,,
cat,object_like,qdrant_semantic,9,lfNjeweCXJQ,data\unsplash-lite\images\lfNjeweCXJQ.jpg,,,,,
cat,object_like,qdrant_semantic,10,znpY1tAN8Nk,data\unsplash-lite\images\znpY1tAN8Nk.jpg,,,,,
cat,object_like,qdrant_keyword,1,gQFZxLe3m4g,data\unsplash-lite\images\gQFZxLe3m4g.jpg,,,,,
cat,object_like,qdrant_keyword,2,G21-GaAZrrs,data\unsplash-lite\images\G21-GaAZrrs.jpg,,,,,
cat,object_like,qdrant_keyword,3,a6Q-o0lAZzU,data\unsplash-lite\images\a6Q-o0lAZzU.jpg,,,,,
cat,object_like,qdrant_keyword,4,c8yq39WBu3I,data\unsplash-lite\images\c8yq39WBu3I.jpg,,,,,
cat,object_like,qdrant_keyword,5,QFkiMoKzovY,data\unsplash-lite\images\QFkiMoKzovY.jpg,,,,,
cat,object_like,qdrant_keyword,6,z6NZYyTjEd0,data\unsplash-lite\images\z6NZYyTjEd0.jpg,,,,,
cat,object_like,qdrant_keyword,7,4fWlc-iW3ME,data\unsplash-lite\images\4fWlc-iW3ME.jpg,,,,,
cat,object_like,qdrant_keyword,8,F7hurtVH1TY,data\unsplash-lite\images\F7hurtVH1TY.jpg,,,,,
cat,object_like,qdrant_keyword,9,lfNjeweCXJQ,data\unsplash-lite\images\lfNjeweCXJQ.jpg,,,,,
cat,object_like,qdrant_keyword,10,znpY1tAN8Nk,data\unsplash-lite\images\znpY1tAN8Nk.jpg,,,,,
cat,object_like,qdrant_object,1,gQFZxLe3m4g,data\unsplash-lite\images\gQFZxLe3m4g.jpg,,,,,
cat,object_like,qdrant_object,2,G21-GaAZrrs,data\unsplash-lite\images\G21-GaAZrrs.jpg,,,,,
cat,object_like,qdrant_object,3,a6Q-o0lAZzU,data\unsplash-lite\images\a6Q-o0lAZzU.jpg,,,,,
cat,object_like,qdrant_object,4,c8yq39WBu3I,data\unsplash-lite\images\c8yq39WBu3I.jpg,,,,,
cat,object_like,qdrant_object,5,QFkiMoKzovY,data\unsplash-lite\images\QFkiMoKzovY.jpg,,,,,
cat,object_like,qdrant_object,6,z6NZYyTjEd0,data\unsplash-lite\images\z6NZYyTjEd0.jpg,,,,,
cat,object_like,qdrant_object,7,4fWlc-iW3ME,data\unsplash-lite\images\4fWlc-iW3ME.jpg,,,,,
cat,object_like,qdrant_object,8,F7hurtVH1TY,data\unsplash-lite\images\F7hurtVH1TY.jpg,,,,,
cat,object_like,qdrant_object,9,lfNjeweCXJQ,data\unsplash-lite\images\lfNjeweCXJQ.jpg,,,,,
cat,object_like,qdrant_object,10,znpY1tAN8Nk,data\unsplash-lite\images\znpY1tAN8Nk.jpg,,,,,
cat,object_like,qdrant_keyword_object,1,gQFZxLe3m4g,data\unsplash-lite\images\gQFZxLe3m4g.jpg,,,,,
cat,object_like,qdrant_keyword_object,2,G21-GaAZrrs,data\unsplash-lite\images\G21-GaAZrrs.jpg,,,,,
cat,object_like,qdrant_keyword_object,3,a6Q-o0lAZzU,data\unsplash-lite\images\a6Q-o0lAZzU.jpg,,,,,
cat,object_like,qdrant_keyword_object,4,c8yq39WBu3I,data\unsplash-lite\images\c8yq39WBu3I.jpg,,,,,
cat,object_like,qdrant_keyword_object,5,QFkiMoKzovY,data\unsplash-lite\images\QFkiMoKzovY.jpg,,,,,
cat,object_like,qdrant_keyword_object,6,z6NZYyTjEd0,data\unsplash-lite\images\z6NZYyTjEd0.jpg,,,,,
cat,object_like,qdrant_keyword_object,7,4fWlc-iW3ME,data\unsplash-lite\images\4fWlc-iW3ME.jpg,,,,,
cat,object_like,qdrant_keyword_object,8,F7hurtVH1TY,data\unsplash-lite\images\F7hurtVH1TY.jpg,,,,,
cat,object_like,qdrant_keyword_object,9,lfNjeweCXJQ,data\unsplash-lite\images\lfNjeweCXJQ.jpg,,,,,
cat,object_like,qdrant_keyword_object,10,znpY1tAN8Nk,data\unsplash-lite\images\znpY1tAN8Nk.jpg,,,,,
cat,object_like,qdrant_object_rerank,1,gQFZxLe3m4g,data\unsplash-lite\images\gQFZxLe3m4g.jpg,,,,,
cat,object_like,qdrant_object_rerank,2,G21-GaAZrrs,data\unsplash-lite\images\G21-GaAZrrs.jpg,,,,,
cat,object_like,qdrant_object_rerank,3,a6Q-o0lAZzU,data\unsplash-lite\images\a6Q-o0lAZzU.jpg,,,,,
cat,object_like,qdrant_object_rerank,4,c8yq39WBu3I,data\unsplash-lite\images\c8yq39WBu3I.jpg,,,,,
cat,object_like,qdrant_object_rerank,5,QFkiMoKzovY,data\unsplash-lite\images\QFkiMoKzovY.jpg,,,,,
cat,object_like,qdrant_object_rerank,6,z6NZYyTjEd0,data\unsplash-lite\images\z6NZYyTjEd0.jpg,,,,,
cat,object_like,qdrant_object_rerank,7,4fWlc-iW3ME,data\unsplash-lite\images\4fWlc-iW3ME.jpg,,,,,
cat,object_like,qdrant_object_rerank,8,F7hurtVH1TY,data\unsplash-lite\images\F7hurtVH1TY.jpg,,,,,
cat,object_like,qdrant_object_rerank,9,lfNjeweCXJQ,data\unsplash-lite\images\lfNjeweCXJQ.jpg,,,,,
cat,object_like,qdrant_object_rerank,10,znpY1tAN8Nk,data\unsplash-lite\images\znpY1tAN8Nk.jpg,,,,,
building,object_like,qdrant_semantic,1,0ABCZ9bTsw4,data\unsplash-lite\images\0ABCZ9bTsw4.jpg,,,,,
building,object_like,qdrant_semantic,2,yVCBr4ZuOnI,data\unsplash-lite\images\yVCBr4ZuOnI.jpg,,,,,
building,object_like,qdrant_semantic,3,Qj20ZHLmVis,data\unsplash-lite\images\Qj20ZHLmVis.jpg,,,,,
building,object_like,qdrant_semantic,4,k5kaWuxelPU,data\unsplash-lite\images\k5kaWuxelPU.jpg,,,,,
building,object_like,qdrant_semantic,5,-Eeb9KLcoMk,data\unsplash-lite\images\-Eeb9KLcoMk.jpg,,,,,
building,object_like,qdrant_semantic,6,xX1mcY-lTpo,data\unsplash-lite\images\xX1mcY-lTpo.jpg,,,,,
building,object_like,qdrant_semantic,7,RIrYF6_HwOY,data\unsplash-lite\images\RIrYF6_HwOY.jpg,,,,,
building,object_like,qdrant_semantic,8,TFoZ93XScFM,data\unsplash-lite\images\TFoZ93XScFM.jpg,,,,,
building,object_like,qdrant_semantic,9,cMa5VZFBmQU,data\unsplash-lite\images\cMa5VZFBmQU.jpg,,,,,
building,object_like,qdrant_semantic,10,oHGgJo0-tPI,data\unsplash-lite\images\oHGgJo0-tPI.jpg,,,,,
building,object_like,qdrant_keyword,1,0ABCZ9bTsw4,data\unsplash-lite\images\0ABCZ9bTsw4.jpg,,,,,
building,object_like,qdrant_keyword,2,yVCBr4ZuOnI,data\unsplash-lite\images\yVCBr4ZuOnI.jpg,,,,,
building,object_like,qdrant_keyword,3,Qj20ZHLmVis,data\unsplash-lite\images\Qj20ZHLmVis.jpg,,,,,
building,object_like,qdrant_keyword,4,k5kaWuxelPU,data\unsplash-lite\images\k5kaWuxelPU.jpg,,,,,
building,object_like,qdrant_keyword,5,-Eeb9KLcoMk,data\unsplash-lite\images\-Eeb9KLcoMk.jpg,,,,,
building,object_like,qdrant_keyword,6,xX1mcY-lTpo,data\unsplash-lite\images\xX1mcY-lTpo.jpg,,,,,
building,object_like,qdrant_keyword,7,RIrYF6_HwOY,data\unsplash-lite\images\RIrYF6_HwOY.jpg,,,,,
building,object_like,qdrant_keyword,8,TFoZ93XScFM,data\unsplash-lite\images\TFoZ93XScFM.jpg,,,,,
building,object_like,qdrant_keyword,9,cMa5VZFBmQU,data\unsplash-lite\images\cMa5VZFBmQU.jpg,,,,,
building,object_like,qdrant_keyword,10,oHGgJo0-tPI,data\unsplash-lite\images\oHGgJo0-tPI.jpg,,,,,
building,object_like,qdrant_object_rerank,1,0ABCZ9bTsw4,data\unsplash-lite\images\0ABCZ9bTsw4.jpg,,,,,
building,object_like,qdrant_object_rerank,2,yVCBr4ZuOnI,data\unsplash-lite\images\yVCBr4ZuOnI.jpg,,,,,
building,object_like,qdrant_object_rerank,3,Qj20ZHLmVis,data\unsplash-lite\images\Qj20ZHLmVis.jpg,,,,,
building,object_like,qdrant_object_rerank,4,k5kaWuxelPU,data\unsplash-lite\images\k5kaWuxelPU.jpg,,,,,
building,object_like,qdrant_object_rerank,5,-Eeb9KLcoMk,data\unsplash-lite\images\-Eeb9KLcoMk.jpg,,,,,
building,object_like,qdrant_object_rerank,6,xX1mcY-lTpo,data\unsplash-lite\images\xX1mcY-lTpo.jpg,,,,,
building,object_like,qdrant_object_rerank,7,RIrYF6_HwOY,data\unsplash-lite\images\RIrYF6_HwOY.jpg,,,,,
building,object_like,qdrant_object_rerank,8,TFoZ93XScFM,data\unsplash-lite\images\TFoZ93XScFM.jpg,,,,,
building,object_like,qdrant_object_rerank,9,cMa5VZFBmQU,data\unsplash-lite\images\cMa5VZFBmQU.jpg,,,,,
building,object_like,qdrant_object_rerank,10,oHGgJo0-tPI,data\unsplash-lite\images\oHGgJo0-tPI.jpg,,,,,
bird,object_like,qdrant_semantic,1,n4RJtjHhb9A,data\unsplash-lite\images\n4RJtjHhb9A.jpg,,,,,
bird,object_like,qdrant_semantic,2,qnjqLoIULZE,data\unsplash-lite\images\qnjqLoIULZE.jpg,,,,,
bird,object_like,qdrant_semantic,3,YLO-mNM-zVw,data\unsplash-lite\images\YLO-mNM-zVw.jpg,,,,,
bird,object_like,qdrant_semantic,4,fM2z6_GN8Uk,data\unsplash-lite\images\fM2z6_GN8Uk.jpg,,,,,
bird,object_like,qdrant_semantic,5,wu91fehi0_k,data\unsplash-lite\images\wu91fehi0_k.jpg,,,,,
bird,object_like,qdrant_semantic,6,iBER-hi4DyU,data\unsplash-lite\images\iBER-hi4DyU.jpg,,,,,
bird,object_like,qdrant_semantic,7,vIN1Uxk-rzQ,data\unsplash-lite\images\vIN1Uxk-rzQ.jpg,,,,,
bird,object_like,qdrant_semantic,8,K4vHlGVX0Hs,data\unsplash-lite\images\K4vHlGVX0Hs.jpg,,,,,
bird,object_like,qdrant_semantic,9,uQ1Xg4dT07I,data\unsplash-lite\images\uQ1Xg4dT07I.jpg,,,,,
bird,object_like,qdrant_semantic,10,8n72OQoS3pI,data\unsplash-lite\images\8n72OQoS3pI.jpg,,,,,
bird,object_like,qdrant_keyword,1,n4RJtjHhb9A,data\unsplash-lite\images\n4RJtjHhb9A.jpg,,,,,
bird,object_like,qdrant_keyword,2,qnjqLoIULZE,data\unsplash-lite\images\qnjqLoIULZE.jpg,,,,,
bird,object_like,qdrant_keyword,3,YLO-mNM-zVw,data\unsplash-lite\images\YLO-mNM-zVw.jpg,,,,,
bird,object_like,qdrant_keyword,4,fM2z6_GN8Uk,data\unsplash-lite\images\fM2z6_GN8Uk.jpg,,,,,
bird,object_like,qdrant_keyword,5,wu91fehi0_k,data\unsplash-lite\images\wu91fehi0_k.jpg,,,,,
bird,object_like,qdrant_keyword,6,iBER-hi4DyU,data\unsplash-lite\images\iBER-hi4DyU.jpg,,,,,
bird,object_like,qdrant_keyword,7,vIN1Uxk-rzQ,data\unsplash-lite\images\vIN1Uxk-rzQ.jpg,,,,,
bird,object_like,qdrant_keyword,8,K4vHlGVX0Hs,data\unsplash-lite\images\K4vHlGVX0Hs.jpg,,,,,
bird,object_like,qdrant_keyword,9,uQ1Xg4dT07I,data\unsplash-lite\images\uQ1Xg4dT07I.jpg,,,,,
bird,object_like,qdrant_keyword,10,8n72OQoS3pI,data\unsplash-lite\images\8n72OQoS3pI.jpg,,,,,
bird,object_like,qdrant_object,1,n4RJtjHhb9A,data\unsplash-lite\images\n4RJtjHhb9A.jpg,,,,,
bird,object_like,qdrant_object,2,qnjqLoIULZE,data\unsplash-lite\images\qnjqLoIULZE.jpg,,,,,
bird,object_like,qdrant_object,3,YLO-mNM-zVw,data\unsplash-lite\images\YLO-mNM-zVw.jpg,,,,,
bird,object_like,qdrant_object,4,wu91fehi0_k,data\unsplash-lite\images\wu91fehi0_k.jpg,,,,,
bird,object_like,qdrant_object,5,iBER-hi4DyU,data\unsplash-lite\images\iBER-hi4DyU.jpg,,,,,
bird,object_like,qdrant_object,6,vIN1Uxk-rzQ,data\unsplash-lite\images\vIN1Uxk-rzQ.jpg,,,,,
bird,object_like,qdrant_object,7,K4vHlGVX0Hs,data\unsplash-lite\images\K4vHlGVX0Hs.jpg,,,,,
bird,object_like,qdrant_object,8,uQ1Xg4dT07I,data\unsplash-lite\images\uQ1Xg4dT07I.jpg,,,,,
bird,object_like,qdrant_object,9,8n72OQoS3pI,data\unsplash-lite\images\8n72OQoS3pI.jpg,,,,,
bird,object_like,qdrant_object,10,BIS1BCDl1dY,data\unsplash-lite\images\BIS1BCDl1dY.jpg,,,,,
bird,object_like,qdrant_keyword_object,1,n4RJtjHhb9A,data\unsplash-lite\images\n4RJtjHhb9A.jpg,,,,,
bird,object_like,qdrant_keyword_object,2,qnjqLoIULZE,data\unsplash-lite\images\qnjqLoIULZE.jpg,,,,,
bird,object_like,qdrant_keyword_object,3,YLO-mNM-zVw,data\unsplash-lite\images\YLO-mNM-zVw.jpg,,,,,
bird,object_like,qdrant_keyword_object,4,wu91fehi0_k,data\unsplash-lite\images\wu91fehi0_k.jpg,,,,,
bird,object_like,qdrant_keyword_object,5,iBER-hi4DyU,data\unsplash-lite\images\iBER-hi4DyU.jpg,,,,,
bird,object_like,qdrant_keyword_object,6,vIN1Uxk-rzQ,data\unsplash-lite\images\vIN1Uxk-rzQ.jpg,,,,,
bird,object_like,qdrant_keyword_object,7,K4vHlGVX0Hs,data\unsplash-lite\images\K4vHlGVX0Hs.jpg,,,,,
bird,object_like,qdrant_keyword_object,8,uQ1Xg4dT07I,data\unsplash-lite\images\uQ1Xg4dT07I.jpg,,,,,
bird,object_like,qdrant_keyword_object,9,8n72OQoS3pI,data\unsplash-lite\images\8n72OQoS3pI.jpg,,,,,
bird,object_like,qdrant_keyword_object,10,BIS1BCDl1dY,data\unsplash-lite\images\BIS1BCDl1dY.jpg,,,,,
bird,object_like,qdrant_object_rerank,1,n4RJtjHhb9A,data\unsplash-lite\images\n4RJtjHhb9A.jpg,,,,,
bird,object_like,qdrant_object_rerank,2,qnjqLoIULZE,data\unsplash-lite\images\qnjqLoIULZE.jpg,,,,,
bird,object_like,qdrant_object_rerank,3,YLO-mNM-zVw,data\unsplash-lite\images\YLO-mNM-zVw.jpg,,,,,
bird,object_like,qdrant_object_rerank,4,wu91fehi0_k,data\unsplash-lite\images\wu91fehi0_k.jpg,,,,,
bird,object_like,qdrant_object_rerank,5,iBER-hi4DyU,data\unsplash-lite\images\iBER-hi4DyU.jpg,,,,,
bird,object_like,qdrant_object_rerank,6,vIN1Uxk-rzQ,data\unsplash-lite\images\vIN1Uxk-rzQ.jpg,,,,,
bird,object_like,qdrant_object_rerank,7,K4vHlGVX0Hs,data\unsplash-lite\images\K4vHlGVX0Hs.jpg,,,,,
bird,object_like,qdrant_object_rerank,8,uQ1Xg4dT07I,data\unsplash-lite\images\uQ1Xg4dT07I.jpg,,,,,
bird,object_like,qdrant_object_rerank,9,8n72OQoS3pI,data\unsplash-lite\images\8n72OQoS3pI.jpg,,,,,
bird,object_like,qdrant_object_rerank,10,BIS1BCDl1dY,data\unsplash-lite\images\BIS1BCDl1dY.jpg,,,,,
person in street photography,combined,qdrant_semantic,1,qjZzZccbE1E,data\unsplash-lite\images\qjZzZccbE1E.jpg,,,,,
person in street photography,combined,qdrant_semantic,2,UMftJn4b9yM,data\unsplash-lite\images\UMftJn4b9yM.jpg,,,,,
person in street photography,combined,qdrant_semantic,3,Gzm1yUip9Yw,data\unsplash-lite\images\Gzm1yUip9Yw.jpg,,,,,
person in street photography,combined,qdrant_semantic,4,2Cirx1WkMvU,data\unsplash-lite\images\2Cirx1WkMvU.jpg,,,,,
person in street photography,combined,qdrant_semantic,5,uWvLFkvm8uI,data\unsplash-lite\images\uWvLFkvm8uI.jpg,,,,,
person in street photography,combined,qdrant_semantic,6,H5llhoZSm9Y,data\unsplash-lite\images\H5llhoZSm9Y.jpg,,,,,
person in street photography,combined,qdrant_semantic,7,q3sEEze3X_w,data\unsplash-lite\images\q3sEEze3X_w.jpg,,,,,
person in street photography,combined,qdrant_semantic,8,DICEPtYOr1M,data\unsplash-lite\images\DICEPtYOr1M.jpg,,,,,
person in street photography,combined,qdrant_semantic,9,NxhnRkhKIrc,data\unsplash-lite\images\NxhnRkhKIrc.jpg,,,,,
person in street photography,combined,qdrant_semantic,10,uTad53fcxss,data\unsplash-lite\images\uTad53fcxss.jpg,,,,,
person in street photography,combined,qdrant_keyword,1,qjZzZccbE1E,data\unsplash-lite\images\qjZzZccbE1E.jpg,,,,,
person in street photography,combined,qdrant_keyword,2,UMftJn4b9yM,data\unsplash-lite\images\UMftJn4b9yM.jpg,,,,,
person in street photography,combined,qdrant_keyword,3,Gzm1yUip9Yw,data\unsplash-lite\images\Gzm1yUip9Yw.jpg,,,,,
person in street photography,combined,qdrant_keyword,4,2Cirx1WkMvU,data\unsplash-lite\images\2Cirx1WkMvU.jpg,,,,,
person in street photography,combined,qdrant_keyword,5,uWvLFkvm8uI,data\unsplash-lite\images\uWvLFkvm8uI.jpg,,,,,
person in street photography,combined,qdrant_keyword,6,H5llhoZSm9Y,data\unsplash-lite\images\H5llhoZSm9Y.jpg,,,,,
person in street photography,combined,qdrant_keyword,7,q3sEEze3X_w,data\unsplash-lite\images\q3sEEze3X_w.jpg,,,,,
person in street photography,combined,qdrant_keyword,8,DICEPtYOr1M,data\unsplash-lite\images\DICEPtYOr1M.jpg,,,,,
person in street photography,combined,qdrant_keyword,9,NxhnRkhKIrc,data\unsplash-lite\images\NxhnRkhKIrc.jpg,,,,,
person in street photography,combined,qdrant_keyword,10,uTad53fcxss,data\unsplash-lite\images\uTad53fcxss.jpg,,,,,
person in street photography,combined,qdrant_object,1,qjZzZccbE1E,data\unsplash-lite\images\qjZzZccbE1E.jpg,,,,,
person in street photography,combined,qdrant_object,2,UMftJn4b9yM,data\unsplash-lite\images\UMftJn4b9yM.jpg,,,,,
person in street photography,combined,qdrant_object,3,Gzm1yUip9Yw,data\unsplash-lite\images\Gzm1yUip9Yw.jpg,,,,,
person in street photography,combined,qdrant_object,4,2Cirx1WkMvU,data\unsplash-lite\images\2Cirx1WkMvU.jpg,,,,,
person in street photography,combined,qdrant_object,5,uWvLFkvm8uI,data\unsplash-lite\images\uWvLFkvm8uI.jpg,,,,,
person in street photography,combined,qdrant_object,6,H5llhoZSm9Y,data\unsplash-lite\images\H5llhoZSm9Y.jpg,,,,,
person in street photography,combined,qdrant_object,7,q3sEEze3X_w,data\unsplash-lite\images\q3sEEze3X_w.jpg,,,,,
person in street photography,combined,qdrant_object,8,DICEPtYOr1M,data\unsplash-lite\images\DICEPtYOr1M.jpg,,,,,
person in street photography,combined,qdrant_object,9,NxhnRkhKIrc,data\unsplash-lite\images\NxhnRkhKIrc.jpg,,,,,
person in street photography,combined,qdrant_object,10,uTad53fcxss,data\unsplash-lite\images\uTad53fcxss.jpg,,,,,
person in street photography,combined,qdrant_keyword_object,1,qjZzZccbE1E,data\unsplash-lite\images\qjZzZccbE1E.jpg,,,,,
person in street photography,combined,qdrant_keyword_object,2,UMftJn4b9yM,data\unsplash-lite\images\UMftJn4b9yM.jpg,,,,,
person in street photography,combined,qdrant_keyword_object,3,Gzm1yUip9Yw,data\unsplash-lite\images\Gzm1yUip9Yw.jpg,,,,,
person in street photography,combined,qdrant_keyword_object,4,2Cirx1WkMvU,data\unsplash-lite\images\2Cirx1WkMvU.jpg,,,,,
person in street photography,combined,qdrant_keyword_object,5,uWvLFkvm8uI,data\unsplash-lite\images\uWvLFkvm8uI.jpg,,,,,
person in street photography,combined,qdrant_keyword_object,6,H5llhoZSm9Y,data\unsplash-lite\images\H5llhoZSm9Y.jpg,,,,,
person in street photography,combined,qdrant_keyword_object,7,q3sEEze3X_w,data\unsplash-lite\images\q3sEEze3X_w.jpg,,,,,
person in street photography,combined,qdrant_keyword_object,8,DICEPtYOr1M,data\unsplash-lite\images\DICEPtYOr1M.jpg,,,,,
person in street photography,combined,qdrant_keyword_object,9,NxhnRkhKIrc,data\unsplash-lite\images\NxhnRkhKIrc.jpg,,,,,
person in street photography,combined,qdrant_keyword_object,10,uTad53fcxss,data\unsplash-lite\images\uTad53fcxss.jpg,,,,,
person in street photography,combined,qdrant_object_rerank,1,qjZzZccbE1E,data\unsplash-lite\images\qjZzZccbE1E.jpg,,,,,
person in street photography,combined,qdrant_object_rerank,2,UMftJn4b9yM,data\unsplash-lite\images\UMftJn4b9yM.jpg,,,,,
person in street photography,combined,qdrant_object_rerank,3,Gzm1yUip9Yw,data\unsplash-lite\images\Gzm1yUip9Yw.jpg,,,,,
person in street photography,combined,qdrant_object_rerank,4,2Cirx1WkMvU,data\unsplash-lite\images\2Cirx1WkMvU.jpg,,,,,
person in street photography,combined,qdrant_object_rerank,5,uWvLFkvm8uI,data\unsplash-lite\images\uWvLFkvm8uI.jpg,,,,,
person in street photography,combined,qdrant_object_rerank,6,H5llhoZSm9Y,data\unsplash-lite\images\H5llhoZSm9Y.jpg,,,,,
person in street photography,combined,qdrant_object_rerank,7,q3sEEze3X_w,data\unsplash-lite\images\q3sEEze3X_w.jpg,,,,,
person in street photography,combined,qdrant_object_rerank,8,DICEPtYOr1M,data\unsplash-lite\images\DICEPtYOr1M.jpg,,,,,
person in street photography,combined,qdrant_object_rerank,9,NxhnRkhKIrc,data\unsplash-lite\images\NxhnRkhKIrc.jpg,,,,,
person in street photography,combined,qdrant_object_rerank,10,uTad53fcxss,data\unsplash-lite\images\uTad53fcxss.jpg,,,,,
car at night,combined,qdrant_semantic,1,pl1Pp-mDzfw,data\unsplash-lite\images\pl1Pp-mDzfw.jpg,,,,,
car at night,combined,qdrant_semantic,2,fsBOigltAQc,data\unsplash-lite\images\fsBOigltAQc.jpg,,,,,
car at night,combined,qdrant_semantic,3,OSbw1oA6Mjo,data\unsplash-lite\images\OSbw1oA6Mjo.jpg,,,,,
car at night,combined,qdrant_semantic,4,WquLr1q8pUw,data\unsplash-lite\images\WquLr1q8pUw.jpg,,,,,
car at night,combined,qdrant_semantic,5,0M7Z6WTi-1M,data\unsplash-lite\images\0M7Z6WTi-1M.jpg,,,,,
car at night,combined,qdrant_semantic,6,l2EfYTbFilA,data\unsplash-lite\images\l2EfYTbFilA.jpg,,,,,
car at night,combined,qdrant_semantic,7,NzU9rrmaBu4,data\unsplash-lite\images\NzU9rrmaBu4.jpg,,,,,
car at night,combined,qdrant_semantic,8,-xR3CRfkgwI,data\unsplash-lite\images\-xR3CRfkgwI.jpg,,,,,
car at night,combined,qdrant_semantic,9,a0dGKKDQUQ8,data\unsplash-lite\images\a0dGKKDQUQ8.jpg,,,,,
car at night,combined,qdrant_semantic,10,hPbMO39Qcec,data\unsplash-lite\images\hPbMO39Qcec.jpg,,,,,
car at night,combined,qdrant_keyword,1,pl1Pp-mDzfw,data\unsplash-lite\images\pl1Pp-mDzfw.jpg,,,,,
car at night,combined,qdrant_keyword,2,fsBOigltAQc,data\unsplash-lite\images\fsBOigltAQc.jpg,,,,,
car at night,combined,qdrant_keyword,3,OSbw1oA6Mjo,data\unsplash-lite\images\OSbw1oA6Mjo.jpg,,,,,
car at night,combined,qdrant_keyword,4,0M7Z6WTi-1M,data\unsplash-lite\images\0M7Z6WTi-1M.jpg,,,,,
car at night,combined,qdrant_keyword,5,hPbMO39Qcec,data\unsplash-lite\images\hPbMO39Qcec.jpg,,,,,
car at night,combined,qdrant_keyword,6,5rL7XPj-13I,data\unsplash-lite\images\5rL7XPj-13I.jpg,,,,,
car at night,combined,qdrant_keyword,7,vHUMae-4w-I,data\unsplash-lite\images\vHUMae-4w-I.jpg,,,,,
car at night,combined,qdrant_keyword,8,tBTOdkeTn8s,data\unsplash-lite\images\tBTOdkeTn8s.jpg,,,,,
car at night,combined,qdrant_keyword,9,K9X1klwnNxo,data\unsplash-lite\images\K9X1klwnNxo.jpg,,,,,
car at night,combined,qdrant_keyword,10,HUCZ0Wrnadk,data\unsplash-lite\images\HUCZ0Wrnadk.jpg,,,,,
car at night,combined,qdrant_object,1,pl1Pp-mDzfw,data\unsplash-lite\images\pl1Pp-mDzfw.jpg,,,,,
car at night,combined,qdrant_object,2,fsBOigltAQc,data\unsplash-lite\images\fsBOigltAQc.jpg,,,,,
car at night,combined,qdrant_object,3,OSbw1oA6Mjo,data\unsplash-lite\images\OSbw1oA6Mjo.jpg,,,,,
car at night,combined,qdrant_object,4,5rL7XPj-13I,data\unsplash-lite\images\5rL7XPj-13I.jpg,,,,,
car at night,combined,qdrant_object,5,vHUMae-4w-I,data\unsplash-lite\images\vHUMae-4w-I.jpg,,,,,
car at night,combined,qdrant_object,6,tBTOdkeTn8s,data\unsplash-lite\images\tBTOdkeTn8s.jpg,,,,,
car at night,combined,qdrant_object,7,K9X1klwnNxo,data\unsplash-lite\images\K9X1klwnNxo.jpg,,,,,
car at night,combined,qdrant_object,8,5EbdohB_ZSQ,data\unsplash-lite\images\5EbdohB_ZSQ.jpg,,,,,
car at night,combined,qdrant_object,9,EUe2SORHrQk,data\unsplash-lite\images\EUe2SORHrQk.jpg,,,,,
car at night,combined,qdrant_object,10,nQ0Zre-H3GM,data\unsplash-lite\images\nQ0Zre-H3GM.jpg,,,,,
car at night,combined,qdrant_keyword_object,1,pl1Pp-mDzfw,data\unsplash-lite\images\pl1Pp-mDzfw.jpg,,,,,
car at night,combined,qdrant_keyword_object,2,fsBOigltAQc,data\unsplash-lite\images\fsBOigltAQc.jpg,,,,,
car at night,combined,qdrant_keyword_object,3,OSbw1oA6Mjo,data\unsplash-lite\images\OSbw1oA6Mjo.jpg,,,,,
car at night,combined,qdrant_keyword_object,4,5rL7XPj-13I,data\unsplash-lite\images\5rL7XPj-13I.jpg,,,,,
car at night,combined,qdrant_keyword_object,5,vHUMae-4w-I,data\unsplash-lite\images\vHUMae-4w-I.jpg,,,,,
car at night,combined,qdrant_keyword_object,6,tBTOdkeTn8s,data\unsplash-lite\images\tBTOdkeTn8s.jpg,,,,,
car at night,combined,qdrant_keyword_object,7,K9X1klwnNxo,data\unsplash-lite\images\K9X1klwnNxo.jpg,,,,,
car at night,combined,qdrant_keyword_object,8,5EbdohB_ZSQ,data\unsplash-lite\images\5EbdohB_ZSQ.jpg,,,,,
car at night,combined,qdrant_keyword_object,9,EUe2SORHrQk,data\unsplash-lite\images\EUe2SORHrQk.jpg,,,,,
car at night,combined,qdrant_keyword_object,10,nQ0Zre-H3GM,data\unsplash-lite\images\nQ0Zre-H3GM.jpg,,,,,
car at night,combined,qdrant_object_rerank,1,pl1Pp-mDzfw,data\unsplash-lite\images\pl1Pp-mDzfw.jpg,,,,,
car at night,combined,qdrant_object_rerank,2,fsBOigltAQc,data\unsplash-lite\images\fsBOigltAQc.jpg,,,,,
car at night,combined,qdrant_object_rerank,3,OSbw1oA6Mjo,data\unsplash-lite\images\OSbw1oA6Mjo.jpg,,,,,
car at night,combined,qdrant_object_rerank,4,5rL7XPj-13I,data\unsplash-lite\images\5rL7XPj-13I.jpg,,,,,
car at night,combined,qdrant_object_rerank,5,vHUMae-4w-I,data\unsplash-lite\images\vHUMae-4w-I.jpg,,,,,
car at night,combined,qdrant_object_rerank,6,tBTOdkeTn8s,data\unsplash-lite\images\tBTOdkeTn8s.jpg,,,,,
car at night,combined,qdrant_object_rerank,7,K9X1klwnNxo,data\unsplash-lite\images\K9X1klwnNxo.jpg,,,,,
car at night,combined,qdrant_object_rerank,8,5EbdohB_ZSQ,data\unsplash-lite\images\5EbdohB_ZSQ.jpg,,,,,
car at night,combined,qdrant_object_rerank,9,EUe2SORHrQk,data\unsplash-lite\images\EUe2SORHrQk.jpg,,,,,
car at night,combined,qdrant_object_rerank,10,nQ0Zre-H3GM,data\unsplash-lite\images\nQ0Zre-H3GM.jpg,,,,,
dog on beach,combined,qdrant_semantic,1,53nKeaK402I,data\unsplash-lite\images\53nKeaK402I.jpg,,,,,
dog on beach,combined,qdrant_semantic,2,Bx7ibIKcGkA,data\unsplash-lite\images\Bx7ibIKcGkA.jpg,,,,,
dog on beach,combined,qdrant_semantic,3,nAnv-ayK1wE,data\unsplash-lite\images\nAnv-ayK1wE.jpg,,,,,
dog on beach,combined,qdrant_semantic,4,e-Bvu4S6sII,data\unsplash-lite\images\e-Bvu4S6sII.jpg,,,,,
dog on beach,combined,qdrant_semantic,5,U_5ePt5_IaU,data\unsplash-lite\images\U_5ePt5_IaU.jpg,,,,,
dog on beach,combined,qdrant_semantic,6,1nPPNXTMcjk,data\unsplash-lite\images\1nPPNXTMcjk.jpg,,,,,
dog on beach,combined,qdrant_semantic,7,o_raXRpXiW8,data\unsplash-lite\images\o_raXRpXiW8.jpg,,,,,
dog on beach,combined,qdrant_semantic,8,EdlNaRhg9ik,data\unsplash-lite\images\EdlNaRhg9ik.jpg,,,,,
dog on beach,combined,qdrant_semantic,9,-DueXI-0AO0,data\unsplash-lite\images\-DueXI-0AO0.jpg,,,,,
dog on beach,combined,qdrant_semantic,10,BK0FjogYpoY,data\unsplash-lite\images\BK0FjogYpoY.jpg,,,,,
dog on beach,combined,qdrant_keyword,1,53nKeaK402I,data\unsplash-lite\images\53nKeaK402I.jpg,,,,,
dog on beach,combined,qdrant_keyword,2,Bx7ibIKcGkA,data\unsplash-lite\images\Bx7ibIKcGkA.jpg,,,,,
dog on beach,combined,qdrant_keyword,3,nAnv-ayK1wE,data\unsplash-lite\images\nAnv-ayK1wE.jpg,,,,,
dog on beach,combined,qdrant_keyword,4,e-Bvu4S6sII,data\unsplash-lite\images\e-Bvu4S6sII.jpg,,,,,
dog on beach,combined,qdrant_keyword,5,U_5ePt5_IaU,data\unsplash-lite\images\U_5ePt5_IaU.jpg,,,,,
dog on beach,combined,qdrant_keyword,6,o_raXRpXiW8,data\unsplash-lite\images\o_raXRpXiW8.jpg,,,,,
dog on beach,combined,qdrant_keyword,7,EdlNaRhg9ik,data\unsplash-lite\images\EdlNaRhg9ik.jpg,,,,,
dog on beach,combined,qdrant_keyword,8,-DueXI-0AO0,data\unsplash-lite\images\-DueXI-0AO0.jpg,,,,,
dog on beach,combined,qdrant_keyword,9,BK0FjogYpoY,data\unsplash-lite\images\BK0FjogYpoY.jpg,,,,,
dog on beach,combined,qdrant_keyword,10,464wfabbCGQ,data\unsplash-lite\images\464wfabbCGQ.jpg,,,,,
dog on beach,combined,qdrant_object,1,53nKeaK402I,data\unsplash-lite\images\53nKeaK402I.jpg,,,,,
dog on beach,combined,qdrant_object,2,nAnv-ayK1wE,data\unsplash-lite\images\nAnv-ayK1wE.jpg,,,,,
dog on beach,combined,qdrant_object,3,e-Bvu4S6sII,data\unsplash-lite\images\e-Bvu4S6sII.jpg,,,,,
dog on beach,combined,qdrant_object,4,U_5ePt5_IaU,data\unsplash-lite\images\U_5ePt5_IaU.jpg,,,,,
dog on beach,combined,qdrant_object,5,o_raXRpXiW8,data\unsplash-lite\images\o_raXRpXiW8.jpg,,,,,
dog on beach,combined,qdrant_object,6,EdlNaRhg9ik,data\unsplash-lite\images\EdlNaRhg9ik.jpg,,,,,
dog on beach,combined,qdrant_object,7,-DueXI-0AO0,data\unsplash-lite\images\-DueXI-0AO0.jpg,,,,,
dog on beach,combined,qdrant_object,8,BK0FjogYpoY,data\unsplash-lite\images\BK0FjogYpoY.jpg,,,,,
dog on beach,combined,qdrant_object,9,464wfabbCGQ,data\unsplash-lite\images\464wfabbCGQ.jpg,,,,,
dog on beach,combined,qdrant_object,10,-ZaQMp3-53M,data\unsplash-lite\images\-ZaQMp3-53M.jpg,,,,,
dog on beach,combined,qdrant_keyword_object,1,53nKeaK402I,data\unsplash-lite\images\53nKeaK402I.jpg,,,,,
dog on beach,combined,qdrant_keyword_object,2,nAnv-ayK1wE,data\unsplash-lite\images\nAnv-ayK1wE.jpg,,,,,
dog on beach,combined,qdrant_keyword_object,3,e-Bvu4S6sII,data\unsplash-lite\images\e-Bvu4S6sII.jpg,,,,,
dog on beach,combined,qdrant_keyword_object,4,U_5ePt5_IaU,data\unsplash-lite\images\U_5ePt5_IaU.jpg,,,,,
dog on beach,combined,qdrant_keyword_object,5,o_raXRpXiW8,data\unsplash-lite\images\o_raXRpXiW8.jpg,,,,,
dog on beach,combined,qdrant_keyword_object,6,EdlNaRhg9ik,data\unsplash-lite\images\EdlNaRhg9ik.jpg,,,,,
dog on beach,combined,qdrant_keyword_object,7,-DueXI-0AO0,data\unsplash-lite\images\-DueXI-0AO0.jpg,,,,,
dog on beach,combined,qdrant_keyword_object,8,BK0FjogYpoY,data\unsplash-lite\images\BK0FjogYpoY.jpg,,,,,
dog on beach,combined,qdrant_keyword_object,9,464wfabbCGQ,data\unsplash-lite\images\464wfabbCGQ.jpg,,,,,
dog on beach,combined,qdrant_keyword_object,10,-ZaQMp3-53M,data\unsplash-lite\images\-ZaQMp3-53M.jpg,,,,,
dog on beach,combined,qdrant_object_rerank,1,53nKeaK402I,data\unsplash-lite\images\53nKeaK402I.jpg,,,,,
dog on beach,combined,qdrant_object_rerank,2,nAnv-ayK1wE,data\unsplash-lite\images\nAnv-ayK1wE.jpg,,,,,
dog on beach,combined,qdrant_object_rerank,3,e-Bvu4S6sII,data\unsplash-lite\images\e-Bvu4S6sII.jpg,,,,,
dog on beach,combined,qdrant_object_rerank,4,U_5ePt5_IaU,data\unsplash-lite\images\U_5ePt5_IaU.jpg,,,,,
dog on beach,combined,qdrant_object_rerank,5,o_raXRpXiW8,data\unsplash-lite\images\o_raXRpXiW8.jpg,,,,,
dog on beach,combined,qdrant_object_rerank,6,EdlNaRhg9ik,data\unsplash-lite\images\EdlNaRhg9ik.jpg,,,,,
dog on beach,combined,qdrant_object_rerank,7,-DueXI-0AO0,data\unsplash-lite\images\-DueXI-0AO0.jpg,,,,,
dog on beach,combined,qdrant_object_rerank,8,BK0FjogYpoY,data\unsplash-lite\images\BK0FjogYpoY.jpg,,,,,
dog on beach,combined,qdrant_object_rerank,9,464wfabbCGQ,data\unsplash-lite\images\464wfabbCGQ.jpg,,,,,
dog on beach,combined,qdrant_object_rerank,10,-ZaQMp3-53M,data\unsplash-lite\images\-ZaQMp3-53M.jpg,,,,,
cat indoors,combined,qdrant_semantic,1,znpY1tAN8Nk,data\unsplash-lite\images\znpY1tAN8Nk.jpg,,,,,
cat indoors,combined,qdrant_semantic,2,0JKLiPcjJVc,data\unsplash-lite\images\0JKLiPcjJVc.jpg,,,,,
cat indoors,combined,qdrant_semantic,3,NodtnCsLdTE,data\unsplash-lite\images\NodtnCsLdTE.jpg,,,,,
cat indoors,combined,qdrant_semantic,4,ZetO6It7I8w,data\unsplash-lite\images\ZetO6It7I8w.jpg,,,,,
cat indoors,combined,qdrant_semantic,5,c8yq39WBu3I,data\unsplash-lite\images\c8yq39WBu3I.jpg,,,,,
cat indoors,combined,qdrant_semantic,6,yA_nMH_XjP0,data\unsplash-lite\images\yA_nMH_XjP0.jpg,,,,,
cat indoors,combined,qdrant_semantic,7,3lovxIcj6y8,data\unsplash-lite\images\3lovxIcj6y8.jpg,,,,,
cat indoors,combined,qdrant_semantic,8,2krpK2Rrfn4,data\unsplash-lite\images\2krpK2Rrfn4.jpg,,,,,
cat indoors,combined,qdrant_semantic,9,Pkb5_XBteRA,data\unsplash-lite\images\Pkb5_XBteRA.jpg,,,,,
cat indoors,combined,qdrant_semantic,10,9m1OFDFAuss,data\unsplash-lite\images\9m1OFDFAuss.jpg,,,,,
cat indoors,combined,qdrant_keyword,1,znpY1tAN8Nk,data\unsplash-lite\images\znpY1tAN8Nk.jpg,,,,,
cat indoors,combined,qdrant_keyword,2,0JKLiPcjJVc,data\unsplash-lite\images\0JKLiPcjJVc.jpg,,,,,
cat indoors,combined,qdrant_keyword,3,NodtnCsLdTE,data\unsplash-lite\images\NodtnCsLdTE.jpg,,,,,
cat indoors,combined,qdrant_keyword,4,ZetO6It7I8w,data\unsplash-lite\images\ZetO6It7I8w.jpg,,,,,
cat indoors,combined,qdrant_keyword,5,c8yq39WBu3I,data\unsplash-lite\images\c8yq39WBu3I.jpg,,,,,
cat indoors,combined,qdrant_keyword,6,yA_nMH_XjP0,data\unsplash-lite\images\yA_nMH_XjP0.jpg,,,,,
cat indoors,combined,qdrant_keyword,7,3lovxIcj6y8,data\unsplash-lite\images\3lovxIcj6y8.jpg,,,,,
cat indoors,combined,qdrant_keyword,8,2krpK2Rrfn4,data\unsplash-lite\images\2krpK2Rrfn4.jpg,,,,,
cat indoors,combined,qdrant_keyword,9,Pkb5_XBteRA,data\unsplash-lite\images\Pkb5_XBteRA.jpg,,,,,
cat indoors,combined,qdrant_keyword,10,9m1OFDFAuss,data\unsplash-lite\images\9m1OFDFAuss.jpg,,,,,
cat indoors,combined,qdrant_object,1,znpY1tAN8Nk,data\unsplash-lite\images\znpY1tAN8Nk.jpg,,,,,
cat indoors,combined,qdrant_object,2,0JKLiPcjJVc,data\unsplash-lite\images\0JKLiPcjJVc.jpg,,,,,
cat indoors,combined,qdrant_object,3,NodtnCsLdTE,data\unsplash-lite\images\NodtnCsLdTE.jpg,,,,,
cat indoors,combined,qdrant_object,4,ZetO6It7I8w,data\unsplash-lite\images\ZetO6It7I8w.jpg,,,,,
cat indoors,combined,qdrant_object,5,c8yq39WBu3I,data\unsplash-lite\images\c8yq39WBu3I.jpg,,,,,
cat indoors,combined,qdrant_object,6,yA_nMH_XjP0,data\unsplash-lite\images\yA_nMH_XjP0.jpg,,,,,
cat indoors,combined,qdrant_object,7,3lovxIcj6y8,data\unsplash-lite\images\3lovxIcj6y8.jpg,,,,,
cat indoors,combined,qdrant_object,8,2krpK2Rrfn4,data\unsplash-lite\images\2krpK2Rrfn4.jpg,,,,,
cat indoors,combined,qdrant_object,9,Pkb5_XBteRA,data\unsplash-lite\images\Pkb5_XBteRA.jpg,,,,,
cat indoors,combined,qdrant_object,10,9m1OFDFAuss,data\unsplash-lite\images\9m1OFDFAuss.jpg,,,,,
cat indoors,combined,qdrant_keyword_object,1,znpY1tAN8Nk,data\unsplash-lite\images\znpY1tAN8Nk.jpg,,,,,
cat indoors,combined,qdrant_keyword_object,2,0JKLiPcjJVc,data\unsplash-lite\images\0JKLiPcjJVc.jpg,,,,,
cat indoors,combined,qdrant_keyword_object,3,NodtnCsLdTE,data\unsplash-lite\images\NodtnCsLdTE.jpg,,,,,
cat indoors,combined,qdrant_keyword_object,4,ZetO6It7I8w,data\unsplash-lite\images\ZetO6It7I8w.jpg,,,,,
cat indoors,combined,qdrant_keyword_object,5,c8yq39WBu3I,data\unsplash-lite\images\c8yq39WBu3I.jpg,,,,,
cat indoors,combined,qdrant_keyword_object,6,yA_nMH_XjP0,data\unsplash-lite\images\yA_nMH_XjP0.jpg,,,,,
cat indoors,combined,qdrant_keyword_object,7,3lovxIcj6y8,data\unsplash-lite\images\3lovxIcj6y8.jpg,,,,,
cat indoors,combined,qdrant_keyword_object,8,2krpK2Rrfn4,data\unsplash-lite\images\2krpK2Rrfn4.jpg,,,,,
cat indoors,combined,qdrant_keyword_object,9,Pkb5_XBteRA,data\unsplash-lite\images\Pkb5_XBteRA.jpg,,,,,
cat indoors,combined,qdrant_keyword_object,10,9m1OFDFAuss,data\unsplash-lite\images\9m1OFDFAuss.jpg,,,,,
cat indoors,combined,qdrant_object_rerank,1,znpY1tAN8Nk,data\unsplash-lite\images\znpY1tAN8Nk.jpg,,,,,
cat indoors,combined,qdrant_object_rerank,2,0JKLiPcjJVc,data\unsplash-lite\images\0JKLiPcjJVc.jpg,,,,,
cat indoors,combined,qdrant_object_rerank,3,NodtnCsLdTE,data\unsplash-lite\images\NodtnCsLdTE.jpg,,,,,
cat indoors,combined,qdrant_object_rerank,4,ZetO6It7I8w,data\unsplash-lite\images\ZetO6It7I8w.jpg,,,,,
cat indoors,combined,qdrant_object_rerank,5,c8yq39WBu3I,data\unsplash-lite\images\c8yq39WBu3I.jpg,,,,,
cat indoors,combined,qdrant_object_rerank,6,yA_nMH_XjP0,data\unsplash-lite\images\yA_nMH_XjP0.jpg,,,,,
cat indoors,combined,qdrant_object_rerank,7,3lovxIcj6y8,data\unsplash-lite\images\3lovxIcj6y8.jpg,,,,,
cat indoors,combined,qdrant_object_rerank,8,2krpK2Rrfn4,data\unsplash-lite\images\2krpK2Rrfn4.jpg,,,,,
cat indoors,combined,qdrant_object_rerank,9,Pkb5_XBteRA,data\unsplash-lite\images\Pkb5_XBteRA.jpg,,,,,
cat indoors,combined,qdrant_object_rerank,10,9m1OFDFAuss,data\unsplash-lite\images\9m1OFDFAuss.jpg,,,,,
bird in nature,combined,qdrant_semantic,1,kKtD7ZsgE0U,data\unsplash-lite\images\kKtD7ZsgE0U.jpg,,,,,
bird in nature,combined,qdrant_semantic,2,jyZPBhQwja8,data\unsplash-lite\images\jyZPBhQwja8.jpg,,,,,
bird in nature,combined,qdrant_semantic,3,YLO-mNM-zVw,data\unsplash-lite\images\YLO-mNM-zVw.jpg,,,,,
bird in nature,combined,qdrant_semantic,4,k_fU0rv-wxY,data\unsplash-lite\images\k_fU0rv-wxY.jpg,,,,,
bird in nature,combined,qdrant_semantic,5,ts8z61Dzf6M,data\unsplash-lite\images\ts8z61Dzf6M.jpg,,,,,
bird in nature,combined,qdrant_semantic,6,4EnEihL9fv4,data\unsplash-lite\images\4EnEihL9fv4.jpg,,,,,
bird in nature,combined,qdrant_semantic,7,J7424lT_e-A,data\unsplash-lite\images\J7424lT_e-A.jpg,,,,,
bird in nature,combined,qdrant_semantic,8,8q_ryioVxFU,data\unsplash-lite\images\8q_ryioVxFU.jpg,,,,,
bird in nature,combined,qdrant_semantic,9,oKSDOqG1Mzo,data\unsplash-lite\images\oKSDOqG1Mzo.jpg,,,,,
bird in nature,combined,qdrant_semantic,10,qnjqLoIULZE,data\unsplash-lite\images\qnjqLoIULZE.jpg,,,,,
bird in nature,combined,qdrant_keyword,1,kKtD7ZsgE0U,data\unsplash-lite\images\kKtD7ZsgE0U.jpg,,,,,
bird in nature,combined,qdrant_keyword,2,jyZPBhQwja8,data\unsplash-lite\images\jyZPBhQwja8.jpg,,,,,
bird in nature,combined,qdrant_keyword,3,YLO-mNM-zVw,data\unsplash-lite\images\YLO-mNM-zVw.jpg,,,,,
bird in nature,combined,qdrant_keyword,4,k_fU0rv-wxY,data\unsplash-lite\images\k_fU0rv-wxY.jpg,,,,,
bird in nature,combined,qdrant_keyword,5,ts8z61Dzf6M,data\unsplash-lite\images\ts8z61Dzf6M.jpg,,,,,
bird in nature,combined,qdrant_keyword,6,4EnEihL9fv4,data\unsplash-lite\images\4EnEihL9fv4.jpg,,,,,
bird in nature,combined,qdrant_keyword,7,J7424lT_e-A,data\unsplash-lite\images\J7424lT_e-A.jpg,,,,,
bird in nature,combined,qdrant_keyword,8,8q_ryioVxFU,data\unsplash-lite\images\8q_ryioVxFU.jpg,,,,,
bird in nature,combined,qdrant_keyword,9,oKSDOqG1Mzo,data\unsplash-lite\images\oKSDOqG1Mzo.jpg,,,,,
bird in nature,combined,qdrant_keyword,10,qnjqLoIULZE,data\unsplash-lite\images\qnjqLoIULZE.jpg,,,,,
bird in nature,combined,qdrant_object,1,kKtD7ZsgE0U,data\unsplash-lite\images\kKtD7ZsgE0U.jpg,,,,,
bird in nature,combined,qdrant_object,2,jyZPBhQwja8,data\unsplash-lite\images\jyZPBhQwja8.jpg,,,,,
bird in nature,combined,qdrant_object,3,YLO-mNM-zVw,data\unsplash-lite\images\YLO-mNM-zVw.jpg,,,,,
bird in nature,combined,qdrant_object,4,k_fU0rv-wxY,data\unsplash-lite\images\k_fU0rv-wxY.jpg,,,,,
bird in nature,combined,qdrant_object,5,ts8z61Dzf6M,data\unsplash-lite\images\ts8z61Dzf6M.jpg,,,,,
bird in nature,combined,qdrant_object,6,4EnEihL9fv4,data\unsplash-lite\images\4EnEihL9fv4.jpg,,,,,
bird in nature,combined,qdrant_object,7,J7424lT_e-A,data\unsplash-lite\images\J7424lT_e-A.jpg,,,,,
bird in nature,combined,qdrant_object,8,8q_ryioVxFU,data\unsplash-lite\images\8q_ryioVxFU.jpg,,,,,
bird in nature,combined,qdrant_object,9,oKSDOqG1Mzo,data\unsplash-lite\images\oKSDOqG1Mzo.jpg,,,,,
bird in nature,combined,qdrant_object,10,qnjqLoIULZE,data\unsplash-lite\images\qnjqLoIULZE.jpg,,,,,
bird in nature,combined,qdrant_keyword_object,1,kKtD7ZsgE0U,data\unsplash-lite\images\kKtD7ZsgE0U.jpg,,,,,
bird in nature,combined,qdrant_keyword_object,2,jyZPBhQwja8,data\unsplash-lite\images\jyZPBhQwja8.jpg,,,,,
bird in nature,combined,qdrant_keyword_object,3,YLO-mNM-zVw,data\unsplash-lite\images\YLO-mNM-zVw.jpg,,,,,
bird in nature,combined,qdrant_keyword_object,4,k_fU0rv-wxY,data\unsplash-lite\images\k_fU0rv-wxY.jpg,,,,,
bird in nature,combined,qdrant_keyword_object,5,ts8z61Dzf6M,data\unsplash-lite\images\ts8z61Dzf6M.jpg,,,,,
bird in nature,combined,qdrant_keyword_object,6,4EnEihL9fv4,data\unsplash-lite\images\4EnEihL9fv4.jpg,,,,,
bird in nature,combined,qdrant_keyword_object,7,J7424lT_e-A,data\unsplash-lite\images\J7424lT_e-A.jpg,,,,,
bird in nature,combined,qdrant_keyword_object,8,8q_ryioVxFU,data\unsplash-lite\images\8q_ryioVxFU.jpg,,,,,
bird in nature,combined,qdrant_keyword_object,9,oKSDOqG1Mzo,data\unsplash-lite\images\oKSDOqG1Mzo.jpg,,,,,
bird in nature,combined,qdrant_keyword_object,10,qnjqLoIULZE,data\unsplash-lite\images\qnjqLoIULZE.jpg,,,,,
bird in nature,combined,qdrant_object_rerank,1,kKtD7ZsgE0U,data\unsplash-lite\images\kKtD7ZsgE0U.jpg,,,,,
bird in nature,combined,qdrant_object_rerank,2,jyZPBhQwja8,data\unsplash-lite\images\jyZPBhQwja8.jpg,,,,,
bird in nature,combined,qdrant_object_rerank,3,YLO-mNM-zVw,data\unsplash-lite\images\YLO-mNM-zVw.jpg,,,,,
bird in nature,combined,qdrant_object_rerank,4,k_fU0rv-wxY,data\unsplash-lite\images\k_fU0rv-wxY.jpg,,,,,
bird in nature,combined,qdrant_object_rerank,5,ts8z61Dzf6M,data\unsplash-lite\images\ts8z61Dzf6M.jpg,,,,,
bird in nature,combined,qdrant_object_rerank,6,4EnEihL9fv4,data\unsplash-lite\images\4EnEihL9fv4.jpg,,,,,
bird in nature,combined,qdrant_object_rerank,7,J7424lT_e-A,data\unsplash-lite\images\J7424lT_e-A.jpg,,,,,
bird in nature,combined,qdrant_object_rerank,8,8q_ryioVxFU,data\unsplash-lite\images\8q_ryioVxFU.jpg,,,,,
bird in nature,combined,qdrant_object_rerank,9,oKSDOqG1Mzo,data\unsplash-lite\images\oKSDOqG1Mzo.jpg,,,,,
bird in nature,combined,qdrant_object_rerank,10,qnjqLoIULZE,data\unsplash-lite\images\qnjqLoIULZE.jpg,,,,,
building in city,combined,qdrant_semantic,1,0ABCZ9bTsw4,data\unsplash-lite\images\0ABCZ9bTsw4.jpg,,,,,
building in city,combined,qdrant_semantic,2,yVCBr4ZuOnI,data\unsplash-lite\images\yVCBr4ZuOnI.jpg,,,,,
building in city,combined,qdrant_semantic,3,Qj20ZHLmVis,data\unsplash-lite\images\Qj20ZHLmVis.jpg,,,,,
building in city,combined,qdrant_semantic,4,k5kaWuxelPU,data\unsplash-lite\images\k5kaWuxelPU.jpg,,,,,
building in city,combined,qdrant_semantic,5,RIrYF6_HwOY,data\unsplash-lite\images\RIrYF6_HwOY.jpg,,,,,
building in city,combined,qdrant_semantic,6,-Eeb9KLcoMk,data\unsplash-lite\images\-Eeb9KLcoMk.jpg,,,,,
building in city,combined,qdrant_semantic,7,TFoZ93XScFM,data\unsplash-lite\images\TFoZ93XScFM.jpg,,,,,
building in city,combined,qdrant_semantic,8,xX1mcY-lTpo,data\unsplash-lite\images\xX1mcY-lTpo.jpg,,,,,
building in city,combined,qdrant_semantic,9,cMa5VZFBmQU,data\unsplash-lite\images\cMa5VZFBmQU.jpg,,,,,
building in city,combined,qdrant_semantic,10,303X2rAcUW8,data\unsplash-lite\images\303X2rAcUW8.jpg,,,,,
building in city,combined,qdrant_keyword,1,0ABCZ9bTsw4,data\unsplash-lite\images\0ABCZ9bTsw4.jpg,,,,,
building in city,combined,qdrant_keyword,2,yVCBr4ZuOnI,data\unsplash-lite\images\yVCBr4ZuOnI.jpg,,,,,
building in city,combined,qdrant_keyword,3,Qj20ZHLmVis,data\unsplash-lite\images\Qj20ZHLmVis.jpg,,,,,
building in city,combined,qdrant_keyword,4,k5kaWuxelPU,data\unsplash-lite\images\k5kaWuxelPU.jpg,,,,,
building in city,combined,qdrant_keyword,5,RIrYF6_HwOY,data\unsplash-lite\images\RIrYF6_HwOY.jpg,,,,,
building in city,combined,qdrant_keyword,6,-Eeb9KLcoMk,data\unsplash-lite\images\-Eeb9KLcoMk.jpg,,,,,
building in city,combined,qdrant_keyword,7,TFoZ93XScFM,data\unsplash-lite\images\TFoZ93XScFM.jpg,,,,,
building in city,combined,qdrant_keyword,8,xX1mcY-lTpo,data\unsplash-lite\images\xX1mcY-lTpo.jpg,,,,,
building in city,combined,qdrant_keyword,9,cMa5VZFBmQU,data\unsplash-lite\images\cMa5VZFBmQU.jpg,,,,,
building in city,combined,qdrant_keyword,10,303X2rAcUW8,data\unsplash-lite\images\303X2rAcUW8.jpg,,,,,
building in city,combined,qdrant_object_rerank,1,0ABCZ9bTsw4,data\unsplash-lite\images\0ABCZ9bTsw4.jpg,,,,,
building in city,combined,qdrant_object_rerank,2,yVCBr4ZuOnI,data\unsplash-lite\images\yVCBr4ZuOnI.jpg,,,,,
building in city,combined,qdrant_object_rerank,3,Qj20ZHLmVis,data\unsplash-lite\images\Qj20ZHLmVis.jpg,,,,,
building in city,combined,qdrant_object_rerank,4,k5kaWuxelPU,data\unsplash-lite\images\k5kaWuxelPU.jpg,,,,,
building in city,combined,qdrant_object_rerank,5,RIrYF6_HwOY,data\unsplash-lite\images\RIrYF6_HwOY.jpg,,,,,
building in city,combined,qdrant_object_rerank,6,-Eeb9KLcoMk,data\unsplash-lite\images\-Eeb9KLcoMk.jpg,,,,,
building in city,combined,qdrant_object_rerank,7,TFoZ93XScFM,data\unsplash-lite\images\TFoZ93XScFM.jpg,,,,,
building in city,combined,qdrant_object_rerank,8,xX1mcY-lTpo,data\unsplash-lite\images\xX1mcY-lTpo.jpg,,,,,
building in city,combined,qdrant_object_rerank,9,cMa5VZFBmQU,data\unsplash-lite\images\cMa5VZFBmQU.jpg,,,,,
building in city,combined,qdrant_object_rerank,10,303X2rAcUW8,data\unsplash-lite\images\303X2rAcUW8.jpg,,,,,
